Grouping,Year,Number,Percent Distribution,Median Income,Area
Households,2022,1291.2,1291.2,62562.21428571428,District 7
White,2022,457.9111111111111,0.3618181818181818,113178.31034482758,District 7
Black or African American,2022,435.3333333333333,0.3331818181818182,46541.57142857143,District 7
American Indian and Alaska Native,2022,5.466666666666667,0.004772727,0,District 7
Asian,2022,100.31111111111112,0.076136364,83744.73684210527,District 7
Native Hawaiian and Other Pacific Islander,2022,3.2666666666666666,0.002272727,0,District 7
Some other race,2022,138.15555555555557,0.101590909,42843.86956521739,District 7
Two or more races,2022,150.75555555555556,0.1234090909090908,54251.291666666664,District 7
Hispanic or Latino origin (of any race),2022,306.97777777777776,0.2377272727272727,44860.34615384616,District 7
"White alone, not Hispanic or Latino",2022,403.2,0.3175,116531.66666666669,District 7
15 to 24 years,2022,97.71111111111112,0.080227273,53831,District 7
25 to 44 years,2022,507.97777777777776,0.4063636363636362,97009.45714285714,District 7
45 to 64 years,2022,428,0.320909091,74164.52941,District 7
65 years and over,2022,257.5111111111111,0.1938636363636363,38363.67741935484,District 7
Families,2022,576.2666666666667,576.2666666666667,94991.82926829268,District 7
With own children of householder under 18 years,2022,241.46666666666667,0.3893023255813953,73866.96666666666,District 7
With no own children of householder under 18 years,2022,334.8,0.6116279069767441,107205.16216216216,District 7
Married-couple families,2022,271.2,0.508139535,148566.08823529413,District 7
With own children under 18 years,2022,91.44444444444444,0.1597674418604651,119825.5,District 7
"Female householder, no spouse present",2022,241.17777777777775,0.3772093023255813,43501.38461538462,District 7
With own children under 18 years,2022,128.57777777777778,0.1972093023255814,29920.434782608696,District 7
"Male householder, no spouse present",2022,63.888888888888886,0.1169767441860465,46183.4,District 7
With own children under 18 years,2022,21.444444444444443,0.033023256,21818,District 7
2-person families,2022,278.2,0.5116279069767443,91806.46875,District 7
3-person families,2022,154.88888888888889,0.2476744186046511,101161.29166666669,District 7
4-person families,2022,79.64444444444445,0.1497674418604651,85322,District 7
5-person families,2022,39.888888888888886,0.057906977,76840.45454545454,District 7
6-person families,2022,11.177777777777775,0.018372093,21860.666666666668,District 7
7-or-more person families,2022,12.466666666666669,0.015116279,23763,District 7
No earners,2022,80.2,0.1341860465116279,23678.75,District 7
1 earner,2022,200.22222222222223,0.3341860465116279,53224.4375,District 7
2 earners,2022,227.15555555555557,0.4297674418604652,134165.66666666666,District 7
3 or more earners,2022,68.68888888888888,0.1023255813953488,127367.68,District 7
Nonfamily households,2022,714.9333333333333,714.9333333333333,48074.10256410256,District 7
Female householder,2022,377.1555555555556,0.5284090909090909,49609.59375,District 7
Living alone,2022,286.9111111111111,0.4125,35504.5,District 7
Not living alone,2022,90.24444444444444,0.1156818181818182,98444.08333333331,District 7
Male Householder,2022,337.77777777777777,0.4727272727272726,59585.23333333333,District 7
Living alone,2022,237.95555555555555,0.3525,48461.291666666664,District 7
Not living alone,2022,99.82222222222222,0.1215909090909091,151471.16,District 7
Household income in the past 12 months,2022,0,0,0,District 7
Family income in the past 12 months,2022,0,0,0,District 7
Nonfamily income in the past 12 months,2022,0,0,0,District 7
Households,2021,1277.2222222222222,1277.2222222222222,56429.90476190476,District 7
White,2021,467.93333333333334,0.3795454545454545,96603.37931034484,District 7
Black or African American,2021,440.8,0.3381818181818182,45228.51612903226,District 7
American Indian and Alaska Native,2021,8,0.006590909,0,District 7
Asian,2021,95.93333333333334,0.074090909,58729.6,District 7
Native Hawaiian and Other Pacific Islander,2021,2.6444444444444444,0.002045455,0,District 7
Some other race,2021,143.7111111111111,0.1040909090909091,34063.04347826087,District 7
Two or more races,2021,118.2,0.097727273,42433.19047619047,District 7
Hispanic or Latino origin (of any race),2021,308.8666666666667,0.2386363636363636,40805.89655172414,District 7
"White alone, not Hispanic or Latino",2021,401.44444444444446,0.325,106560.96774193548,District 7
15 to 24 years,2021,96.77777777777776,0.082272727,47462.26315789474,District 7
25 to 44 years,2021,508.5111111111111,0.4122727272727273,89462.27272727272,District 7
45 to 64 years,2021,419.1111111111111,0.3156818181818182,64722,District 7
65 years and over,2021,252.82222222222225,0.1909090909090909,37602.878787878784,District 7
Families,2021,564.3111111111111,564.3111111111111,85584.725,District 7
With own children of householder under 18 years,2021,242.77777777777777,0.3951162790697674,61958.78125,District 7
With no own children of householder under 18 years,2021,321.53333333333336,0.6053488372093023,95351.46153846152,District 7
Married-couple families,2021,258.06666666666666,0.5099999999999999,114437,District 7
With own children under 18 years,2021,88.8,0.1560465116279069,101988,District 7
"Female householder, no spouse present",2021,247.06666666666663,0.3853488372093023,40959.72413793104,District 7
With own children under 18 years,2021,134.11111111111111,0.2051162790697674,26592.35,District 7
"Male householder, no spouse present",2021,59.17777777777778,0.1053488372093023,54369.5,District 7
With own children under 18 years,2021,19.866666666666667,0.034651163,35404,District 7
2-person families,2021,268.73333333333335,0.5216279069767442,81357.79487179487,District 7
3-person families,2021,151.04444444444445,0.2453488372093023,81516.21428571429,District 7
4-person families,2021,88.04444444444445,0.1488372093023255,75824.13636363637,District 7
5-person families,2021,32.6,0.050465116,87514.14285714286,District 7
6-person families,2021,13.577777777777778,0.022093023,20208.333333333332,District 7
7-or-more person families,2021,10.311111111111112,0.014883721,27239.666666666668,District 7
No earners,2021,76.8,0.1302325581395348,15444.727272727272,District 7
1 earner,2021,204.48888888888888,0.3376744186046512,52161,District 7
2 earners,2021,212.64444444444445,0.4283720930232558,116257.02702702704,District 7
3 or more earners,2021,70.37777777777778,0.1053488372093023,113908.34782608696,District 7
Nonfamily households,2021,712.9111111111112,712.9111111111112,43733.5,District 7
Female householder,2021,379.8,0.5343181818181818,40300.42857142857,District 7
Living alone,2021,286.75555555555553,0.4129545454545454,30538.82857142857,District 7
Not living alone,2021,93.04444444444444,0.1215909090909091,96718.13043,District 7
Male Householder,2021,333.1111111111111,0.4668181818181818,58226.40740740741,District 7
Living alone,2021,236.9111111111111,0.3456818181818182,33004.8,District 7
Not living alone,2021,96.2,0.1211363636363636,131969.32,District 7
Household income in the past 12 months,2021,0,0,0,District 7
Family income in the past 12 months,2021,0,0,0,District 7
Nonfamily income in the past 12 months,2021,0,0,0,District 7
Households,2020,1279,1279,54543.575,District 7
White,2020,483.73333333333335,0.3893181818181818,84074.51515151515,District 7
Black or African American,2020,467.0888888888889,0.3625,45667.32352941176,District 7
American Indian and Alaska Native,2020,6.711111111111111,0.005681818,0,District 7
Asian,2020,99.02222222222224,0.075,57816.52631578947,District 7
Native Hawaiian and Other Pacific Islander,2020,1.6888888888888889,0.001363636,0,District 7
Some other race,2020,138.0222222222222,0.1045454545454545,40699.5,District 7
Two or more races,2020,82.73333333333333,0.065,46791.57894736842,District 7
Hispanic or Latino origin (of any race),2020,300.1777777777778,0.2318181818181818,43465.11538461538,District 7
"White alone, not Hispanic or Latino",2020,400.44444444444446,0.3231818181818182,95695.64285714286,District 7
15 to 24 years,2020,92.57777777777778,0.079318182,44514.625,District 7
25 to 44 years,2020,511.26666666666665,0.4106818181818182,78608.13513513513,District 7
45 to 64 years,2020,423.9555555555556,0.3231818181818182,51627.02631578947,District 7
65 years and over,2020,251.2,0.1902272727272727,35496.114285714284,District 7
Families,2020,582.9111111111112,582.9111111111112,74798.92683,District 7
With own children of householder under 18 years,2020,245.86666666666667,0.3893023255813953,69547.20588235294,District 7
With no own children of householder under 18 years,2020,337.0444444444444,0.6120930232558139,83092.48717948717,District 7
Married-couple families,2020,272.55555555555554,0.5062790697674417,110460.30303030302,District 7
With own children under 18 years,2020,92.37777777777778,0.1572093023255814,111505.8275862069,District 7
"Female householder, no spouse present",2020,253.26666666666668,0.3906976744186046,33289.137931034486,District 7
With own children under 18 years,2020,131.35555555555555,0.1981395348837209,25844.652173913044,District 7
"Male householder, no spouse present",2020,57.08888888888889,0.1044186046511628,57402.76190476191,District 7
With own children under 18 years,2020,22.133333333333333,0.034651163,24992,District 7
2-person families,2020,278.5111111111111,0.5211627906976745,76318.6875,District 7
3-person families,2020,157.95555555555555,0.2593023255813954,81375.62068965517,District 7
4-person families,2020,89.71111111111111,0.14,80221.76923076923,District 7
5-person families,2020,32.44444444444444,0.048139535,57604.63636363636,District 7
6-person families,2020,15.555555555555555,0.020930233,35818.28571428572,District 7
7-or-more person families,2020,8.733333333333333,0.01372093,13263.833333333334,District 7
No earners,2020,76.02222222222223,0.1260465116279069,16712.84,District 7
1 earner,2020,211.0888888888889,0.3365116279069767,48968.83783783784,District 7
2 earners,2020,224.17777777777775,0.428139535,113903.7105263158,District 7
3 or more earners,2020,71.62222222222222,0.1099999999999999,100953.29166666669,District 7
Nonfamily households,2020,696.0888888888888,696.0888888888888,40008.05405405405,District 7
Female householder,2020,370.1555555555556,0.5325000000000001,39889.84375,District 7
Living alone,2020,282.22222222222223,0.4184090909090908,30462.71875,District 7
Not living alone,2020,87.93333333333334,0.1149999999999999,96477.47368421052,District 7
Male Householder,2020,325.93333333333334,0.4681818181818182,49892.65517241379,District 7
Living alone,2020,232.13333333333333,0.3475,33639.12,District 7
Not living alone,2020,93.8,0.1202272727272727,124108.36,District 7
Household income in the past 12 months,2020,0,0,0,District 7
Family income in the past 12 months,2020,0,0,0,District 7
Nonfamily income in the past 12 months,2020,0,0,0,District 7
Households,2019,1243.6216216216217,1243.6216216216217,47286.02777777778,District 7
White,2019,448.5135135135135,0.3366666666666666,63731,District 7
Black or African American,2019,504,0.4136111111111111,36661.25,District 7
American Indian and Alaska Native,2019,6.837837837837838,0.005833333,0,District 7
Asian,2019,89.81081081,0.068888889,48937.833333333336,District 7
Native Hawaiian and Other Pacific Islander,2019,2.72972973,0.002222222,0,District 7
Some other race,2019,144.27027027027026,0.11,28012.714285714286,District 7
Two or more races,2019,47.45945945945946,0.038055556,31616.4375,District 7
Hispanic or Latino origin (of any race),2019,294.9189189189189,0.23,29282.928571428572,District 7
"White alone, not Hispanic or Latino",2019,362.2972972972973,0.2658333333333333,78955.58333333333,District 7
15 to 24 years,2019,99.35135135135135,0.079166667,35151.5,District 7
25 to 44 years,2019,484.94594594594594,0.3711111111111111,62587.181818181816,District 7
45 to 64 years,2019,419.9189189189189,0.3363888888888888,57749.78571428572,District 7
65 years and over,2019,239.40540540540545,0.1880555555555555,29233.133333333335,District 7
Families,2019,592.5405405405405,592.5405405405405,63917.333333333336,District 7
With own children of householder under 18 years,2019,257.56756756756755,0.3880555555555556,44787.42857142857,District 7
With no own children of householder under 18 years,2019,334.97297297297297,0.5858333333333332,73825.06060606061,District 7
Married-couple families,2019,241.97297297297297,0.4355555555555555,94750.06061,District 7
With own children under 18 years,2019,87.10810810810811,0.1366666666666666,85685.6,District 7
"Female householder, no spouse present",2019,284.64864864864865,0.4297222222222222,29759.433333333334,District 7
With own children under 18 years,2019,142.27027027027026,0.2097222222222222,25550.814814814818,District 7
"Male householder, no spouse present",2019,65.91891891891892,0.108611111,56225.42105263158,District 7
With own children under 18 years,2019,28.18918918918919,0.041944444,27262.555555555555,District 7
2-person families,2019,284.02702702702703,0.5055555555555556,61155.67647058824,District 7
3-person families,2019,148.05405405405406,0.2361111111111111,62513.40740740741,District 7
4-person families,2019,91.70270270270272,0.1380555555555555,69595.95652173914,District 7
5-person families,2019,36.54054054054054,0.051388889,39171.583333333336,District 7
6-person families,2019,16.89189189189189,0.021388889,35267.857142857145,District 7
7-or-more person families,2019,15.324324324324325,0.021944444,15100.57142857143,District 7
No earners,2019,78.37837837837837,0.1255555555555555,10789.857142857143,District 7
1 earner,2019,234.13513513513513,0.3663888888888889,42444.27272727273,District 7
2 earners,2019,208.83783783783784,0.3780555555555556,93676.69696969698,District 7
3 or more earners,2019,71.18918919,0.1036111111111111,86181.8,District 7
Nonfamily households,2019,651.0810811,651.0810811,36487.36363636364,District 7
Female householder,2019,343.5135135135135,0.5261111111111112,29650.322580645163,District 7
Living alone,2019,262.1081081081081,0.405,24032.55172413793,District 7
Not living alone,2019,81.40540541,0.1205555555555555,87445.11764705883,District 7
Male Householder,2019,307.56756756756755,0.4475,47176.32,District 7
Living alone,2019,216.59459459459455,0.3252777777777778,40419.954545454544,District 7
Not living alone,2019,90.97297297297295,0.1225,90331.14285714286,District 7
Household income in the past 12 months,2019,0,0,0,District 7
Family income in the past 12 months,2019,0,0,0,District 7
Nonfamily income in the past 12 months,2019,0,0,0,District 7
Households,2018,1244.5405405405406,1244.5405405405406,44342.194444444445,District 7
White,2018,458.97297297297297,0.3383333333333334,59601.933333333334,District 7
Black or African American,2018,499.5945945945946,0.4075,35870.08823529412,District 7
American Indian and Alaska Native,2018,7.783783783783784,0.006666667,0,District 7
Asian,2018,82.51351351351352,0.059722222,62099.857142857145,District 7
Native Hawaiian and Other Pacific Islander,2018,0.4864864864864865,0.000277778,0,District 7
Some other race,2018,147.35135135135135,0.1211111111111111,25765.083333333332,District 7
Two or more races,2018,47.83783783783784,0.040833333,25203.64285714286,District 7
Hispanic or Latino origin (of any race),2018,297.7027027027027,0.2413888888888889,25651.28125,District 7
"White alone, not Hispanic or Latino",2018,370.9189189189189,0.2677777777777778,75898.04347826086,District 7
15 to 24 years,2018,101.62162162162164,0.080833333,36979.94736842105,District 7
25 to 44 years,2018,483.9189189189189,0.3730555555555555,57624.617647058825,District 7
45 to 64 years,2018,420.8378378378378,0.3355555555555555,43992.29032258064,District 7
65 years and over,2018,238.16216216216216,0.1841666666666667,28885.7,District 7
Families,2018,604.0540540540541,604.0540540540541,59289.42857142857,District 7
With own children of householder under 18 years,2018,274.2432432432432,0.4177777777777777,49006.09090909091,District 7
With no own children of householder under 18 years,2018,329.81081081081084,0.555,66587.63888888889,District 7
Married-couple families,2018,246.72972972972977,0.4347222222222222,88872.96774193548,District 7
With own children under 18 years,2018,95.78378378,0.1591666666666666,86711.83333333333,District 7
"Female householder, no spouse present",2018,291.2972972972973,0.4288888888888889,26917.433333333334,District 7
With own children under 18 years,2018,151.64864864864865,0.2191666666666666,19476.041666666668,District 7
"Male householder, no spouse present",2018,66.02702702702703,0.1088888888888888,44174.19047619047,District 7
With own children under 18 years,2018,26.81081081081081,0.04,35671.53333333333,District 7
2-person families,2018,281.86486486486484,0.4891666666666667,53686.90909090909,District 7
3-person families,2018,144.83783783783784,0.2236111111111111,59171.666666666664,District 7
4-person families,2018,105.54054054054056,0.1516666666666667,68624.04166666667,District 7
5-person families,2018,43.270270270270274,0.070833333,44136.8,District 7
6-person families,2018,15.135135135135137,0.018888889,13989.833333333334,District 7
7-or-more person families,2018,13.405405405405403,0.019444444,21847.5,District 7
No earners,2018,81.21621621621621,0.1430555555555555,12033.952380952382,District 7
1 earner,2018,246.97297297297297,0.3797222222222222,44978.65714285714,District 7
2 earners,2018,207.45945945945945,0.3522222222222223,91018.0303,District 7
3 or more earners,2018,68.40540541,0.098055556,85092.61538461539,District 7
Nonfamily households,2018,640.4864864864865,640.4864864864865,33727.8,District 7
Female householder,2018,337.56756756756755,0.5294444444444445,28204.636363636364,District 7
Living alone,2018,257.5405405405405,0.4183333333333333,20473.19355,District 7
Not living alone,2018,80.02702702702703,0.1130555555555555,71099.47059,District 7
Male Householder,2018,302.9189189189189,0.4441666666666666,46134.82142857143,District 7
Living alone,2018,214.3783783783784,0.3252777777777778,33664.92,District 7
Not living alone,2018,88.54054054054055,0.1202777777777777,83263.78947368421,District 7
Household income in the past 12 months,2018,0,0,0,District 7
Family income in the past 12 months,2018,0,0,0,District 7
Nonfamily income in the past 12 months,2018,0,0,0,District 7
Households,2017,1231.5135135135135,1231.5135135135135,41636.02777777778,District 7
White,2017,448.5945945945946,0.3305555555555555,58264.42857142857,District 7
Black or African American,2017,494.6216216216216,0.4113888888888889,31569.8,District 7
American Indian and Alaska Native,2017,8.783783783783784,0.008055556,2257,District 7
Asian,2017,83.45945945945945,0.06,60244.36363636364,District 7
Native Hawaiian and Other Pacific Islander,2017,0.4864864864864865,0.000277778,0,District 7
Some other race,2017,147.67567567567568,0.1233333333333333,24637.608695652172,District 7
Two or more races,2017,47.891891891891895,0.040555556,21026.666666666668,District 7
Hispanic or Latino origin (of any race),2017,282.02702702702703,0.2274999999999999,26222.866666666665,District 7
"White alone, not Hispanic or Latino",2017,369.8918918918919,0.2691666666666666,72308.63636363637,District 7
15 to 24 years,2017,106.27027027027027,0.084166667,32645.5,District 7
25 to 44 years,2017,478.6216216216216,0.3697222222222222,55135.73529411765,District 7
45 to 64 years,2017,420.6756756756757,0.3419444444444444,45413.68571428571,District 7
65 years and over,2017,225.9459459459459,0.1772222222222222,28053.970588235297,District 7
Families,2017,600.2702702702703,600.2702702702703,60081.97222222222,District 7
With own children of householder under 18 years,2017,275.9189189189189,0.4197222222222223,50532,District 7
With no own children of householder under 18 years,2017,324.35135135135135,0.553611111,67109.11764705883,District 7
Married-couple families,2017,246.2972972972973,0.4372222222222222,91029.20588235294,District 7
With own children under 18 years,2017,93.72972972972973,0.1547222222222222,99026.29166666669,District 7
"Female householder, no spouse present",2017,288.9189189189189,0.4219444444444444,24993.033333333333,District 7
With own children under 18 years,2017,157,0.2238888888888889,20700.85185185185,District 7
"Male householder, no spouse present",2017,65.05405405405405,0.1133333333333333,40374.68421052631,District 7
With own children under 18 years,2017,25.18918918918919,0.042222222,27019.727272727272,District 7
2-person families,2017,0,0,52331.94117647059,District 7
3-person families,2017,0,0,51502.25925925926,District 7
4-person families,2017,0,0,62274.25925925926,District 7
5-person families,2017,0,0,46061.57142857143,District 7
6-person families,2017,0,0,28384.333333333332,District 7
7-or-more person families,2017,0,0,20970.375,District 7
No earners,2017,84.70270270270271,0.1380555555555555,17201.652173913044,District 7
1 earner,2017,238.3783783783784,0.3708333333333333,36301.6129,District 7
2 earners,2017,211.8918918918919,0.3697222222222222,94295.36363636365,District 7
3 or more earners,2017,65.29729729729729,0.097222222,81134.65217391304,District 7
Nonfamily households,2017,631.2432432432432,631.2432432432432,31512.515151515152,District 7
Female householder,2017,332.2432432432432,0.5338888888888889,26513.39393939394,District 7
Living alone,2017,256.5405405405405,0.4138888888888889,20171.071428571428,District 7
Not living alone,2017,75.70270270270271,0.1191666666666666,75408.95238095238,District 7
Male Householder,2017,299,0.44,40693.75862068965,District 7
Living alone,2017,217.02702702702703,0.3280555555555555,30817.75,District 7
Not living alone,2017,81.97297297297297,0.1130555555555555,68662.63157894737,District 7
Household income in the past 12 months,2017,0,0,0,District 7
Family income in the past 12 months,2017,0,0,0,District 7
Nonfamily income in the past 12 months,2017,0,0,0,District 7
Households,2016,0,1227.918918918919,39937.27777777778,District 7
White,2016,0,0.3272222222222222,49811.903225806454,District 7
Black or African American,2016,0,0.4222222222222223,31008.5625,District 7
American Indian and Alaska Native,2016,0,0.005555556,2275.1666666666665,District 7
Asian,2016,0,0.059444444,39727.13333333333,District 7
Native Hawaiian and Other Pacific Islander,2016,0,0.000277778,0,District 7
Some other race,2016,0,0.1238888888888888,21608.5,District 7
Two or more races,2016,0,0.036388889,43013.230769230766,District 7
Hispanic or Latino origin (of any race),2016,0,0.2236111111111111,24346.8125,District 7
"White alone, not Hispanic or Latino",2016,0,0.2680555555555555,64867.95652173913,District 7
15 to 24 years,2016,0,0.0825,34208.47826086957,District 7
25 to 44 years,2016,0,0.3747222222222222,50634.5,District 7
45 to 64 years,2016,0,0.3494444444444444,41634.05714285714,District 7
65 years and over,2016,0,0.1675,25683.451612903227,District 7
Families,2016,0,597.6486486486486,56244.666666666664,District 7
With own children of householder under 18 years,2016,0,0.4311111111111111,47844.84375,District 7
With no own children of householder under 18 years,2016,0,0.5430555555555555,56565.77142857143,District 7
Married-couple families,2016,0,0.4308333333333334,87335.31034482758,District 7
With own children under 18 years,2016,0,0.4302777777777777,25437.78125,District 7
"Female householder, no spouse present",2016,0,0.1122222222222222,38351.63157894737,District 7
With own children under 18 years,2016,0,630.2702702702703,30712.428571428572,District 7
"Male householder, no spouse present",2016,0,0.5161111111111112,28934.225806451617,District 7
With own children under 18 years,2016,0,0.4216666666666666,21095.51724137931,District 7
2-person families,2016,0,0.095,59551.5625,District 7
3-person families,2016,0,0.4566666666666667,39168.67857142857,District 7
4-person families,2016,0,0.3430555555555555,30394.833333333332,District 7
5-person families,2016,0,0.1149999999999999,64544.36842105263,District 7
6-person families,2016,0,0,0,District 7
7-or-more person families,2016,0,0.386111111,0,District 7
No earners,2016,0,0.4177777777777777,0,District 7
1 earner,2016,0,0.3266666666666666,0,District 7
2 earners,2016,0,0,0,District 7
3 or more earners,2016,0,0,0,District 7
Nonfamily households,2016,0,0,0,District 7
Female householder,2016,0,0,0,District 7
Living alone,2016,0,0,0,District 7
Not living alone,2016,0,0,0,District 7
Male Householder,2016,0,0,0,District 7
Living alone,2016,0,0,0,District 7
Not living alone,2016,0,0,0,District 7
Household income in the past 12 months,2016,0,0,0,District 7
Family income in the past 12 months,2016,0,0,0,District 7
Nonfamily income in the past 12 months,2016,0,0,0,District 7
Households,2015,0,1224,37771.416666666664,District 7
White,2015,0,0.3280555555555556,52023,District 7
Black or African American,2015,0,0.4191666666666667,28187.451612903227,District 7
American Indian and Alaska Native,2015,0,0.006944444,1844.5,District 7
Asian,2015,0,0.059722222,40471.8,District 7
Native Hawaiian and Other Pacific Islander,2015,0,0.001111111,0,District 7
Some other race,2015,0,0.1269444444444444,20200.81818181818,District 7
Two or more races,2015,0,0.032777778,23871.866666666665,District 7
Hispanic or Latino origin (of any race),2015,0,0.2177777777777778,22941.214285714286,District 7
"White alone, not Hispanic or Latino",2015,0,0.2641666666666666,68010.25,District 7
15 to 24 years,2015,0,0.089166667,12086.5,District 7
25 to 44 years,2015,0,0.3783333333333333,36076.6875,District 7
45 to 64 years,2015,0,0.3436111111111111,33706.6875,District 7
65 years and over,2015,0,0.1633333333333333,19136.6875,District 7
Families,2015,0,589.7567567567568,53899.828571428574,District 7
With own children of householder under 18 years,2015,0,0.4391666666666667,40226.03703703704,District 7
With no own children of householder under 18 years,2015,0,0.5338888888888889,45821.74074074074,District 7
Married-couple families,2015,0,0.4372222222222222,53827.8,District 7
"Female householder, no spouse present",2015,0,0.4327777777777777,12528.222222222224,District 7
"Male householder, no spouse present",2015,0,0.1041666666666666,12622.25,District 7
Nonfamily households,2015,0,634.2432432432432,29228.885714285716,District 7
Female householder,2015,0,0.5077777777777777,14802.8,District 7
Living alone,2015,0,0.4155555555555556,13453.4,District 7
Not living alone,2015,0,0.092777778,44903,District 7
Male Householder,2015,0,0.4655555555555555,17385.7,District 7
Living alone,2015,0,0.3433333333333334,12476.6,District 7
Not living alone,2015,0,0.1233333333333333,26492.25,District 7
Household income in the past 12 months,2015,0,0.3825,0,District 7
Family income in the past 12 months,2015,0,0.4075,0,District 7
Nonfamily income in the past 12 months,2015,0,0.33,0,District 7
Households,2014,0,1200.837837837838,35239.97222222222,District 7
White,2014,0,0.3230555555555555,46862.5,District 7
Black or African American,2014,0,0.4244444444444444,29795.833333333332,District 7
American Indian and Alaska Native,2014,0,0.006944444,6098.5,District 7
Asian,2014,0,0.058888889,38737.045454545456,District 7
Native Hawaiian and Other Pacific Islander,2014,0,0.000833333,0,District 7
Some other race,2014,0,0.1305555555555555,22198.612903225807,District 7
Two or more races,2014,0,0.031388889,29446.478260869564,District 7
Hispanic or Latino origin (of any race),2014,0,0.2091666666666666,23299.8,District 7
"White alone, not Hispanic or Latino",2014,0,0.2638888888888889,58903,District 7
15 to 24 years,2014,0,0.095555556,23921,District 7
25 to 44 years,2014,0,0.3775,46258.72222222222,District 7
45 to 64 years,2014,0,0.3438888888888888,40386.416666666664,District 7
65 years and over,2014,0,0.1563888888888888,22563.6,District 7
Families,2014,0,583.5945945945946,50428.555555555555,District 7
With own children under 18 years,2014,0,0.4508333333333332,46317.805555555555,District 7
With no own children under 18 years,2014,0,0.5225,56154,District 7
Married-couple families,2014,0,0.4286111111111111,78779.33333333333,District 7
"Female householder, no spouse present",2014,0,0.4533333333333332,22839.97142857143,District 7
"Male householder, no spouse present",2014,0,0.093055556,34778.8,District 7
Nonfamily households,2014,0,617.2432432432432,29694.14285714286,District 7
Female householder,2014,0,0.508888889,24190.8,District 7
Living alone,2014,0,0.4236111111111111,21134.714285714286,District 7
Not living alone,2014,0,0.085555556,55880.5,District 7
Male Householder,2014,0,0.4647222222222222,36357.57142857143,District 7
Living alone,2014,0,0.3391666666666666,28618.8,District 7
Not living alone,2014,0,0.1252777777777778,73604.45,District 7
Household income in the past 12 months,2014,0,0.3613888888888889,0,District 7
Family income in the past 12 months,2014,0,0.3694444444444444,0,District 7
Nonfamily income in the past 12 months,2014,0,0.3202777777777778,0,District 7
Households,2013,0,1174.837837837838,34746.555555555555,District 7
White,2013,0,0.3227777777777778,43477.666666666664,District 7
Black or African American,2013,0,0.4302777777777777,29117.916666666668,District 7
American Indian and Alaska Native,2013,0,0.006111111,0,District 7
Asian,2013,0,0.063055556,50162.05,District 7
Native Hawaiian and Other Pacific Islander,2013,0,0.000833333,0,District 7
Some other race,2013,0,0.1236111111111111,23624.06451612903,District 7
Two or more races,2013,0,0.027222222,27858.583333333332,District 7
Hispanic or Latino origin (of any race),2013,0,0.2011111111111111,24280.571428571428,District 7
"White alone, not Hispanic or Latino",2013,0,0.2672222222222222,54230.17241,District 7
15 to 24 years,2013,0,0.1002777777777777,25238.39285714286,District 7
25 to 44 years,2013,0,0.3775,45271.666666666664,District 7
45 to 64 years,2013,0,0.3377777777777778,40720.97222222222,District 7
65 years and over,2013,0,0.1561111111111111,23527.457142857143,District 7
Families,2013,0,556.0810811,50630.22222222222,District 7
With own children under 18 years,2013,0,0.4497222222222222,43273.94285714286,District 7
With no own children under 18 years,2013,0,0.5233333333333333,57844.166666666664,District 7
Married-couple families,2013,0,0.4286111111111111,80178,District 7
"Female householder, no spouse present",2013,0,0.4552777777777778,23074.735294117647,District 7
"Male householder, no spouse present",2013,0,0.089444444,35949,District 7
Nonfamily households,2013,0,618.7567567567568,29579.085714285713,District 7
Female householder,2013,0,0.5150000000000001,26880.02857142857,District 7
Living alone,2013,0,0.426111111,23049.6,District 7
Not living alone,2013,0,0.089166667,60112.8,District 7
Male Householder,2013,0,0.4583333333333333,36205.62857142857,District 7
Living alone,2013,0,0.3352777777777777,32126.342857142856,District 7
Not living alone,2013,0,0.1225,61037.69565217391,District 7
Household income in the past 12 months,2013,0,0.3586111111111111,0,District 7
Family income in the past 12 months,2013,0,0.3647222222222222,0,District 7
Nonfamily income in the past 12 months,2013,0,0.3158333333333333,0,District 7
Households,2022,276053,276053,89212,Boston City
White,2022,149539,0.54,120776,Boston City
Black or African American,2022,56060,0.2,56673,Boston City
American Indian and Alaska Native,2022,779,0,64821,Boston City
Asian,2022,26885,0.1,69936,Boston City
Native Hawaiian and Other Pacific Islander,2022,274,0,250000,Boston City
Some other race,2022,15965,0.06,41669,Boston City
Two or more races,2022,26551,0.1,61809,Boston City
Hispanic or Latino origin (of any race),2022,45414,0.17,49496,Boston City
"White alone, not Hispanic or Latino",2022,139001,0.5,125453,Boston City
15 to 24 years,2022,17092,0.06,37500,Boston City
25 to 44 years,2022,122808,0.45,113612,Boston City
45 to 64 years,2022,83802,0.3,91976,Boston City
65 years and over,2022,52351,0.19,46782,Boston City
Families,2022,128470,128470,106015,Boston City
With own children of householder under 18 years,2022,50341,0.39,85435,Boston City
With no own children of householder under 18 years,2022,78129,0.61,119831,Boston City
Married-couple families,2022,78195,0.61,152726,Boston City
With own children under 18 years,2022,27869,0.22,154363,Boston City
"Female householder, no spouse present",2022,38957,0.3,50193,Boston City
With own children under 18 years,2022,18883,0.15,34001,Boston City
"Male householder, no spouse present",2022,11318,0.09,71500,Boston City
With own children under 18 years,2022,3589,0.03,51487,Boston City
2-person families,2022,62100,0.48,101275,Boston City
3-person families,2022,32368,0.25,98556,Boston City
4-person families,2022,19632,0.15,125181,Boston City
5-person families,2022,8884,0.07,112263,Boston City
6-person families,2022,3404,0.03,122586,Boston City
7-or-more person families,2022,2082,0.02,140157,Boston City
No earners,2022,14330,0.11,21722,Boston City
1 earner,2022,37185,0.29,56159,Boston City
2 earners,2022,60699,0.47,149335,Boston City
3 or more earners,2022,16256,0.13,158883,Boston City
Nonfamily households,2022,147583,147583,72297,Boston City
Female householder,2022,79622,0.54,65267,Boston City
Living alone,2022,56906,0.39,47795,Boston City
Not living alone,2022,22716,0.15,131023,Boston City
Male householder,2022,67961,0.46,80301,Boston City
Living alone,2022,43947,0.3,53833,Boston City
Not living alone,2022,24014,0.16,144684,Boston City
Household income in the past 12 months,,,,,Boston City
Family income in the past 12 months,,,,,Boston City
Nonfamily income in the past 12 months,,,,,Boston City
Households,2021,271950,271950,81744,Boston City
White,2021,150234,0.55,110447,Boston City
Black or African American,2021,57678,0.21,52898,Boston City
American Indian and Alaska Native,2021,692,0,31850,Boston City
Asian,2021,26182,0.1,58236,Boston City
Native Hawaiian and Other Pacific Islander,2021,207,0,-,Boston City
Some other race,2021,15883,0.06,33712,Boston City
Two or more races,2021,21074,0.08,57330,Boston City
Hispanic or Latino origin (of any race),2021,46219,0.17,44732,Boston City
"White alone, not Hispanic or Latino",2021,135584,0.5,116299,Boston City
15 to 24 years,2021,16379,0.06,36900,Boston City
25 to 44 years,2021,120289,0.44,104542,Boston City
45 to 64 years,2021,84585,0.31,84326,Boston City
65 years and over,2021,50697,0.19,41833,Boston City
Families,2021,128147,128147,95750,Boston City
With own children of householder under 18 years,2021,50336,0.39,76575,Boston City
With no own children of householder under 18 years,2021,77811,0.61,107317,Boston City
Married-couple families,2021,77392,0.6,137974,Boston City
With own children under 18 years,2021,26980,0.21,139979,Boston City
"Female householder, no spouse present",2021,39570,0.31,45369,Boston City
With own children under 18 years,2021,19708,0.15,31330,Boston City
"Male householder, no spouse present",2021,11185,0.09,70138,Boston City
With own children under 18 years,2021,3648,0.03,58008,Boston City
2-person families,2021,62073,0.48,91731,Boston City
3-person families,2021,31829,0.25,91934,Boston City
4-person families,2021,20184,0.16,111561,Boston City
5-person families,2021,8842,0.07,103693,Boston City
6-person families,2021,3323,0.03,101538,Boston City
7-or-more person families,2021,1896,0.02,129229,Boston City
No earners,2021,14115,0.11,19683,Boston City
1 earner,2021,38090,0.3,51159,Boston City
2 earners,2021,59280,0.46,132167,Boston City
3 or more earners,2021,16662,0.13,144182,Boston City
Nonfamily households,2021,143803,143803,65787,Boston City
Female householder,2021,77803,0.54,60090,Boston City
Living alone,2021,55773,0.39,42710,Boston City
Not living alone,2021,22030,0.15,121504,Boston City
Male householder,2021,66000,0.46,73281,Boston City
Living alone,2021,42772,0.3,46970,Boston City
Not living alone,2021,23228,0.16,133940,Boston City
Household income in the past 12 months,,,,,Boston City
Family income in the past 12 months,,,,,Boston City
Nonfamily income in the past 12 months,,,,,Boston City
Households,2020,273188,273188,76298,Boston City
White,2020,156713,0.57,103291,Boston City
Black or African American,2020,59227,0.22,47800,Boston City
American Indian and Alaska Native,2020,722,0,46875,Boston City
Asian,2020,25555,0.09,52326,Boston City
Native Hawaiian and Other Pacific Islander,2020,180,0,77143,Boston City
Some other race,2020,15040,0.06,32218,Boston City
Two or more races,2020,15751,0.06,58170,Boston City
Hispanic or Latino origin (of any race),2020,46067,0.17,43337,Boston City
"White alone, not Hispanic or Latino",2020,138286,0.51,109505,Boston City
15 to 24 years,2020,15939,0.06,35829,Boston City
25 to 44 years,2020,120144,0.44,99090,Boston City
45 to 64 years,2020,84814,0.31,79424,Boston City
65 years and over,2020,52291,0.19,38908,Boston City
Families,2020,130052,130052,89270,Boston City
With own children of householder under 18 years,2020,51313,0.4,70904,Boston City
With no own children of householder under 18 years,2020,78739,0.61,100807,Boston City
Married-couple families,2020,78102,0.6,131782,Boston City
With own children under 18 years,2020,27594,0.21,133272,Boston City
"Female householder, no spouse present",2020,40673,0.31,42975,Boston City
With own children under 18 years,2020,19944,0.15,29219,Boston City
"Male householder, no spouse present",2020,11277,0.09,65205,Boston City
With own children under 18 years,2020,3775,0.03,49702,Boston City
2-person families,2020,62940,0.48,84732,Boston City
3-person families,2020,32123,0.25,86496,Boston City
4-person families,2020,21163,0.16,104958,Boston City
5-person families,2020,8884,0.07,90000,Boston City
6-person families,2020,3302,0.03,97889,Boston City
7-or-more person families,2020,1640,0.01,126071,Boston City
No earners,2020,14064,0.11,18903,Boston City
1 earner,2020,38807,0.3,47097,Boston City
2 earners,2020,59871,0.46,128501,Boston City
3 or more earners,2020,17310,0.13,133044,Boston City
Nonfamily households,2020,143136,143136,61649,Boston City
Female householder,2020,76986,0.54,55310,Boston City
Living alone,2020,55487,0.39,39483,Boston City
Not living alone,2020,21499,0.15,112760,Boston City
Male householder,2020,66150,0.46,69351,Boston City
Living alone,2020,42853,0.3,43498,Boston City
Not living alone,2020,23297,0.16,126533,Boston City
Household income in the past 12 months,,,,,Boston City
Family income in the past 12 months,,,,,Boston City
Nonfamily income in the past 12 months,,,,,Boston City
Households,2019,269522,269522,71115,Boston City
White,2019,157479,0.58,96659,Boston City
Black or African American,2019,60096,0.22,45468,Boston City
American Indian and Alaska Native,2019,732,0,28786,Boston City
Asian,2019,24545,0.09,47278,Boston City
Native Hawaiian and Other Pacific Islander,2019,161,0,-,Boston City
Some other race,2019,15939,0.06,31066,Boston City
Two or more races,2019,10570,0.04,57808,Boston City
Hispanic or Latino origin (of any race),2019,45774,0.17,38459,Boston City
"White alone, not Hispanic or Latino",2019,137415,0.51,104260,Boston City
15 to 24 years,2019,16051,0.06,34417,Boston City
25 to 44 years,2019,118390,0.44,93318,Boston City
45 to 64 years,2019,83441,0.31,77266,Boston City
65 years and over,2019,51640,0.19,32764,Boston City
Families,2019,129542,129542,82363,Boston City
With own children of householder under 18 years,2019,51447,0.4,63271,Boston City
With no own children of householder under 18 years,2019,78095,0.6,94362,Boston City
Married-couple families,2019,76336,0.59,126595,Boston City
With own children under 18 years,2019,27098,0.21,126051,Boston City
"Female householder, no spouse present",2019,41285,0.32,37206,Boston City
With own children under 18 years,2019,20408,0.16,25091,Boston City
"Male householder, no spouse present",2019,11921,0.09,62444,Boston City
With own children under 18 years,2019,3941,0.03,49424,Boston City
2-person families,2019,64019,0.49,78042,Boston City
3-person families,2019,31019,0.24,80585,Boston City
4-person families,2019,20665,0.16,96714,Boston City
5-person families,2019,8881,0.07,84256,Boston City
6-person families,2019,3293,0.03,83408,Boston City
7-or-more person families,2019,1665,0.01,121003,Boston City
No earners,2019,14240,0.11,17710,Boston City
1 earner,2019,39786,0.31,45005,Boston City
2 earners,2019,59161,0.46,122010,Boston City
3 or more earners,2019,16355,0.13,125715,Boston City
Nonfamily households,2019,139980,139980,57784,Boston City
Female householder,2019,74714,0.53,51671,Boston City
Living alone,2019,54813,0.39,36389,Boston City
Not living alone,2019,19901,0.14,108398,Boston City
Male householder,2019,65266,0.47,66307,Boston City
Living alone,2019,42796,0.31,44107,Boston City
Not living alone,2019,22470,0.16,125963,Boston City
Household income in the past 12 months,,,,,Boston City
Family income in the past 12 months,,,,,Boston City
Nonfamily income in the past 12 months,,,,,Boston City
Households,2018,266724,266724,65883,Boston City
White,2018,155725,0.58,91097,Boston City
Black or African American,2018,59344,0.22,42175,Boston City
American Indian and Alaska Native,2018,858,0,30313,Boston City
Asian,2018,23971,0.09,43891,Boston City
Native Hawaiian and Other Pacific Islander,2018,63,0,-,Boston City
Some other race,2018,16626,0.06,27312,Boston City
Two or more races,2018,10137,0.04,52116,Boston City
Hispanic or Latino origin (of any race),2018,44527,0.17,34852,Boston City
"White alone, not Hispanic or Latino",2018,136645,0.51,98342,Boston City
15 to 24 years,2018,15990,0.06,31955,Boston City
25 to 44 years,2018,117479,0.44,85830,Boston City
45 to 64 years,2018,83041,0.31,72641,Boston City
65 years and over,2018,50214,0.19,29894,Boston City
Families,2018,128604,128604,75476,Boston City
With own children of householder under 18 years,2018,53149,0.41,57942,Boston City
With no own children of householder under 18 years,2018,75455,0.59,87553,Boston City
Married-couple families,2018,74738,0.58,116627,Boston City
With own children under 18 years,2018,27804,0.22,116694,Boston City
"Female householder, no spouse present",2018,42074,0.33,35113,Boston City
With own children under 18 years,2018,21311,0.17,23853,Boston City
"Male householder, no spouse present",2018,11792,0.09,57015,Boston City
With own children under 18 years,2018,4034,0.03,45217,Boston City
2-person families,2018,62074,0.48,71644,Boston City
3-person families,2018,30712,0.24,73963,Boston City
4-person families,2018,21521,0.17,81871,Boston City
5-person families,2018,9235,0.07,82383,Boston City
6-person families,2018,3306,0.03,79152,Boston City
7-or-more person families,2018,1756,0.01,91944,Boston City
No earners,2018,14198,0.11,17483,Boston City
1 earner,2018,41701,0.32,41870,Boston City
2 earners,2018,56837,0.44,113548,Boston City
3 or more earners,2018,15868,0.12,119899,Boston City
Nonfamily households,2018,138120,138120,54570,Boston City
Female householder,2018,73668,0.53,47301,Boston City
Living alone,2018,54473,0.39,32789,Boston City
Not living alone,2018,19195,0.14,100709,Boston City
Male householder,2018,64452,0.47,63933,Boston City
Living alone,2018,42306,0.31,42601,Boston City
Not living alone,2018,22146,0.16,119985,Boston City
Household income in the past 12 months,,,,,Boston City
Family income in the past 12 months,,,,,Boston City
Nonfamily income in the past 12 months,,,,,Boston City
Households,2017,263229,263229,62021,Boston City
White,2017,153774,0.58,83726,Boston City
Black or African American,2017,58944,0.22,40507,Boston City
American Indian and Alaska Native,2017,911,0,37639,Boston City
Asian,2017,23225,0.09,41185,Boston City
Native Hawaiian and Other Pacific Islander,2017,79,0,-,Boston City
Some other race,2017,16618,0.06,28465,Boston City
Two or more races,2017,9678,0.04,53109,Boston City
Hispanic or Latino origin (of any race),2017,42705,0.16,32780,Boston City
"White alone, not Hispanic or Latino",2017,135746,0.52,90617,Boston City
15 to 24 years,2017,16466,0.06,29856,Boston City
25 to 44 years,2017,115763,0.44,78993,Boston City
45 to 64 years,2017,82583,0.31,67253,Boston City
65 years and over,2017,48417,0.18,29276,Boston City
Families,2017,126885,126885,69616,Boston City
With own children of householder under 18 years,2017,53594,0.42,52100,Boston City
With no own children of householder under 18 years,2017,73291,0.58,82214,Boston City
Married-couple families,2017,72399,0.57,111755,Boston City
With own children under 18 years,2017,27089,0.21,112495,Boston City
"Female householder, no spouse present",2017,42988,0.34,32763,Boston City
With own children under 18 years,2017,22464,0.18,22104,Boston City
"Male householder, no spouse present",2017,11498,0.09,55492,Boston City
With own children under 18 years,2017,4041,0.03,42256,Boston City
2-person families,2017,(X),(X),66874,Boston City
3-person families,2017,(X),(X),66759,Boston City
4-person families,2017,(X),(X),75744,Boston City
5-person families,2017,(X),(X),79271,Boston City
6-person families,2017,(X),(X),73650,Boston City
7-or-more person families,2017,(X),(X),98688,Boston City
No earners,2017,14175,0.11,17090,Boston City
1 earner,2017,41723,0.33,39352,Boston City
2 earners,2017,55346,0.44,107866,Boston City
3 or more earners,2017,15641,0.12,114850,Boston City
Nonfamily households,2017,136344,136344,51659,Boston City
Female householder,2017,72722,0.53,45284,Boston City
Living alone,2017,54139,0.4,32591,Boston City
Not living alone,2017,18583,0.14,93511,Boston City
Male householder,2017,63622,0.47,60502,Boston City
Living alone,2017,42307,0.31,41931,Boston City
Not living alone,2017,21315,0.16,110924,Boston City
Households,2016,,259324,58516,Boston City
White,2016,,0.59,78038,Boston City
Black or African American,2016,,0.23,39746,Boston City
American Indian and Alaska Native,2016,,0,37863,Boston City
Asian,2016,,0.09,39712,Boston City
Native Hawaiian and Other Pacific Islander,2016,,0,-,Boston City
Some other race,2016,,0.06,26844,Boston City
Two or more races,2016,,0.04,48424,Boston City
Hispanic or Latino origin (of any race),2016,,0.16,31167,Boston City
"White alone, not Hispanic or Latino",2016,,0.52,84928,Boston City
15 to 24 years,2016,,0.07,26708,Boston City
25 to 44 years,2016,,0.44,73601,Boston City
45 to 64 years,2016,,0.32,64125,Boston City
65 years and over,2016,,0.18,27376,Boston City
FAMILIES,2016,,,,Boston City
Families,2016,,124198,65238,Boston City
With own children of householder under 18 years,2016,,0.43,49746,Boston City
With no own children of householder under 18 years,2016,,0.57,77659,Boston City
Married-couple families,2016,,0.56,104448,Boston City
"Female householder, no spouse present",2016,,0.35,32088,Boston City
"Male householder, no spouse present",2016,,0.09,53623,Boston City
Nonfamily households,2016,,135126,49835,Boston City
Female householder,2016,,0.54,43191,Boston City
Living alone,2016,,0.4,32181,Boston City
Not living alone,2016,,0.14,89756,Boston City
Male householder,2016,,0.46,57412,Boston City
Living alone,2016,,0.31,41145,Boston City
Not living alone,2016,,0.15,105167,Boston City
Household income in the past 12 months,2016,,0.38,(X),Boston City
Family income in the past 12 months,2016,,0.43,(X),Boston City
Nonfamily income in the past 12 months,2016,,0.32,(X),Boston City
Households,2015,,256294,55777,Boston City
White,2015,,0.59,73577,Boston City
Black or African American,2015,,0.23,38454,Boston City
American Indian and Alaska Native,2015,,0,23478,Boston City
Asian,2015,,0.09,38802,Boston City
Native Hawaiian and Other Pacific Islander,2015,,0,-,Boston City
Some other race,2015,,0.06,28562,Boston City
Two or more races,2015,,0.04,42982,Boston City
Hispanic or Latino origin (of any race),2015,,0.16,30883,Boston City
"White alone, not Hispanic or Latino",2015,,0.52,79802,Boston City
15 to 24 years,2015,,0.07,22211,Boston City
25 to 44 years,2015,,0.44,70623,Boston City
45 to 64 years,2015,,0.31,61586,Boston City
65 years and over,2015,,0.17,26796,Boston City
Families,2015,,122814,62775,Boston City
With own children of householder under 18 years,2015,,0.44,47953,Boston City
With no own children of householder under 18 years,2015,,0.56,74754,Boston City
Married-couple families,2015,,0.56,100260,Boston City
"Female householder, no spouse present",2015,,0.35,31596,Boston City
"Male householder, no spouse present",2015,,0.09,50900,Boston City
Nonfamily households,2015,,133480,46964,Boston City
Female householder,2015,,0.54,41388,Boston City
Living alone,2015,,0.41,30986,Boston City
Not living alone,2015,,0.14,81822,Boston City
Male householder,2015,,0.46,54593,Boston City
Living alone,2015,,0.31,39911,Boston City
Not living alone,2015,,0.15,95858,Boston City
Household income in the past 12 months,2015,,0.36,(X),Boston City
Family income in the past 12 months,2015,,0.41,(X),Boston City
Nonfamily income in the past 12 months,2015,,0.31,(X),Boston City
Households,2014,,251212,54485,Boston City
White,2014,,0.59,70678,Boston City
Black or African American,2014,,0.23,37711,Boston City
American Indian and Alaska Native,2014,,0,33333,Boston City
Asian,2014,,0.09,39740,Boston City
Native Hawaiian and Other Pacific Islander,2014,,0,21042,Boston City
Some other race,2014,,0.06,28551,Boston City
Two or more races,2014,,0.04,42752,Boston City
Hispanic or Latino origin (of any race),2014,,0.15,29966,Boston City
"White alone, not Hispanic or Latino",2014,,0.53,76524,Boston City
15 to 24 years,2014,,0.08,20807,Boston City
25 to 44 years,2014,,0.44,68804,Boston City
45 to 64 years,2014,,0.31,61123,Boston City
65 years and over,2014,,0.17,27189,Boston City
Families,2014,,119718,62362,Boston City
With own children under 18 years,2014,,0.45,48129,Boston City
With no own children under 18 years,2014,,0.55,74571,Boston City
Married-couple families,2014,,0.56,99334,Boston City
"Female householder, no spouse present",2014,,0.36,31439,Boston City
"Male householder, no spouse present",2014,,0.09,48497,Boston City
Nonfamily households,2014,,131494,45193,Boston City
Female householder,2014,,0.55,39947,Boston City
Living alone,2014,,0.41,30044,Boston City
Not living alone,2014,,0.14,79756,Boston City
Male householder,2014,,0.45,52817,Boston City
Living alone,2014,,0.31,38033,Boston City
Not living alone,2014,,0.15,89680,Boston City
Household income in the past 12 months,2014,,0.34,(X),Boston City
Family income in the past 12 months,2014,,0.39,(X),Boston City
Nonfamily income in the past 12 months,2014,,0.29,(X),Boston City
Households,2013,,249414,53601,Boston City
White,2013,,0.59,68553,Boston City
Black or African American,2013,,0.23,38310,Boston City
American Indian and Alaska Native,2013,,0,24231,Boston City
Asian,2013,,0.08,38446,Boston City
Native Hawaiian and Other Pacific Islander,2013,,0,30033,Boston City
Some other race,2013,,0.06,31030,Boston City
Two or more races,2013,,0.03,44444,Boston City
Hispanic or Latino origin (of any race),2013,,0.14,31053,Boston City
"White alone, not Hispanic or Latino",2013,,0.53,73194,Boston City
15 to 24 years,2013,,0.09,21452,Boston City
25 to 44 years,2013,,0.43,68320,Boston City
45 to 64 years,2013,,0.31,60631,Boston City
65 years and over,2013,,0.17,26905,Boston City
Families,2013,,117729,62014,Boston City
With own children under 18 years,2013,,0.45,48083,Boston City
With no own children under 18 years,2013,,0.55,74224,Boston City
Married-couple families,2013,,0.56,96330,Boston City
"Female householder, no spouse present",2013,,0.35,31588,Boston City
"Male householder, no spouse present",2013,,0.09,49131,Boston City
Nonfamily households,2013,,131685,44484,Boston City
Female householder,2013,,0.55,39668,Boston City
Living alone,2013,,0.41,29870,Boston City
Not living alone,2013,,0.14,80291,Boston City
Male householder,2013,,0.45,50937,Boston City
Living alone,2013,,0.31,38828,Boston City
Not living alone,2013,,0.14,82550,Boston City
Household income in the past 12 months,2013,,0.33,(X),Boston City
Family income in the past 12 months,2013,,0.37,(X),Boston City
Nonfamily income in the past 12 months,2013,,0.28,(X),Boston City